source_id,field,before,after
SRC-veolia-20260927-h1-2026-results,file_path,unknown,raw/SRC-veolia-20260927-h1-2026-results.pdf
SRC-veolia-20260927-h1-2026-results,sha256,unknown,53563af99cd0be7c208e1facc8f8b1a4fa9c3fb2348fb5c1ecb9ffe71669e264
SRC-veolia-20260927-h1-2026-results,page_count,unknown,12
SRC-veolia-20260927-h1-2026-results,notes,"Historique importé (peut être dépassé ; état courant dans les colonnes et le rapport) : PDF officiel réel, non téléchargé physiquement (réseau restreint) ; confirme dette nette 20764 M€ (30/06/2025) et 24548 M€ (30/06/2026) citées dans le briefing pédagogique | Synthèse associée (pas original): summaries/veolia_greenup_2026-09.md. | Original absent du dépôt; référence conservée, contenu non revalidé lors de la consolidation.","Historique importé (peut être dépassé ; état courant dans les colonnes et le rapport) : PDF officiel réel, non téléchargé physiquement (réseau restreint) ; confirme dette nette 20764 M€ (30/06/2025) et 24548 M€ (30/06/2026) citées dans le briefing pédagogique | Synthèse associée (pas original): summaries/veolia_greenup_2026-09.md. | Original absent du dépôt; référence conservée, contenu non revalidé lors de la consolidation. | Collecte intégrée le 2026-09-30. Archiver un original déjà référencé mais absent du dépôt.  Original PDF téléchargé le 2026-09-28 ; signature, ouverture, empreinte et pagination contrôlées. Repérage de pages automatique dans la fiche ; pas de validation exhaustive des chiffres."
SRC-comparables-20260927-renewi-fy2025,file_path,unknown,raw/SRC-comparables-20260927-renewi-fy2025.pdf
SRC-comparables-20260927-renewi-fy2025,sha256,unknown,286e846e8753045e18d29603cc42664162da274eb3cadf25929f34106a428ee6
SRC-comparables-20260927-renewi-fy2025,page_count,unknown,272
SRC-comparables-20260927-renewi-fy2025,notes,"Historique importé (peut être dépassé ; état courant dans les colonnes et le rapport) : PDF officiel réel (exercice clos mars 2025), non téléchargé physiquement (réseau restreint) ; activité Mineralz & Water (déchets chimiques) ~10% du CA, pas de marge isolée publique | Synthèse associée (pas original): summaries/comparables_2026-09.md. | Original absent du dépôt; référence conservée, contenu non revalidé lors de la consolidation.","Historique importé (peut être dépassé ; état courant dans les colonnes et le rapport) : PDF officiel réel (exercice clos mars 2025), non téléchargé physiquement (réseau restreint) ; activité Mineralz & Water (déchets chimiques) ~10% du CA, pas de marge isolée publique | Synthèse associée (pas original): summaries/comparables_2026-09.md. | Original absent du dépôt; référence conservée, contenu non revalidé lors de la consolidation. | Collecte intégrée le 2026-09-30. Archiver un original déjà référencé mais absent du dépôt.  Original PDF téléchargé le 2026-09-28 ; signature, ouverture, empreinte et pagination contrôlées. Repérage de pages automatique dans la fiche ; pas de validation exhaustive des chiffres."
SRC-bioenergy-20260927-greenup-cmd-feb2024,status,collected,blocked
SRC-bioenergy-20260927-greenup-cmd-feb2024,notes,"Historique importé (peut être dépassé ; état courant dans les colonnes et le rapport) : Source du perimetre exact du booster bioenergie et des chiffres 8GW/3GW/2030. Contient aussi les chiffres 12,3 Md EUR CA energie 2023 / ~615 M EUR booster bioenergie&flex / 4,9 Md EUR objectif 2030 - extraits via outil automatise, NON relus ligne a ligne, a verifier avant citation finale (voir GAPS.md). | Original absent du dépôt; référence conservée, contenu non revalidé lors de la consolidation.","Historique importé (peut être dépassé ; état courant dans les colonnes et le rapport) : Source du perimetre exact du booster bioenergie et des chiffres 8GW/3GW/2030. Contient aussi les chiffres 12,3 Md EUR CA energie 2023 / ~615 M EUR booster bioenergie&flex / 4,9 Md EUR objectif 2030 - extraits via outil automatise, NON relus ligne a ligne, a verifier avant citation finale (voir GAPS.md). | Original absent du dépôt; référence conservée, contenu non revalidé lors de la consolidation. | Collecte intégrée le 2026-09-30. Archiver un original déjà référencé mais absent du dépôt.  Téléchargement non abouti : curl: (22) The requested URL returned error: 404. Aucun faux PDF ajouté."
SRC-bioenergy-20260927-green-financing-framework-2025,file_path,unknown,raw/SRC-bioenergy-20260927-green-financing-framework-2025.pdf
SRC-bioenergy-20260927-green-financing-framework-2025,sha256,unknown,61bb8462350b45f555cec5b070b5e9dc50b8b7af13614fd57307b77f367181ed
SRC-bioenergy-20260927-green-financing-framework-2025,page_count,unknown,26
SRC-bioenergy-20260927-green-financing-framework-2025,notes,"Historique importé (peut être dépassé ; état courant dans les colonnes et le rapport) : Reconfirme les objectifs 8 GW bioenergie / 3 GW flexibilite a horizon 2030 - 3e source independante convergente sur ces deux chiffres. | Date partielle importée: 2025-03; précision conservée ici sans jour inventé. | Original absent du dépôt; référence conservée, contenu non revalidé lors de la consolidation. | Blocage: date de publication exacte ou URL manquante; exclure des conclusions validées.","Historique importé (peut être dépassé ; état courant dans les colonnes et le rapport) : Reconfirme les objectifs 8 GW bioenergie / 3 GW flexibilite a horizon 2030 - 3e source independante convergente sur ces deux chiffres. | Date partielle importée: 2025-03; précision conservée ici sans jour inventé. | Original absent du dépôt; référence conservée, contenu non revalidé lors de la consolidation. | Blocage: date de publication exacte ou URL manquante; exclure des conclusions validées. | Collecte intégrée le 2026-09-30. Archiver un original déjà référencé mais absent du dépôt.  Original PDF téléchargé le 2026-09-28 ; signature, ouverture, empreinte et pagination contrôlées. Repérage de pages automatique dans la fiche ; pas de validation exhaustive des chiffres."
SRC-bioenergy-20260927-esg-report-2024,file_path,unknown,raw/SRC-bioenergy-20260927-esg-report-2024.pdf
SRC-bioenergy-20260927-esg-report-2024,sha256,unknown,087f70c536a978605097fe38531fbab257816b806f935fd33441258953d92b78
SRC-bioenergy-20260927-esg-report-2024,page_count,unknown,31
SRC-bioenergy-20260927-esg-report-2024,notes,"Historique importé (peut être dépassé ; état courant dans les colonnes et le rapport) : Decrit qualitativement le perimetre bioenergie (production a partir de dechets non recyclables, efficacite energetique, recuperation chaleur/froid, captage CO2). CA energie total = 24,6% du CA groupe en 2024 (perimetre large, pas bioenergie isolee). | Date partielle importée: 2025-04; précision conservée ici sans jour inventé. | Original absent du dépôt; référence conservée, contenu non revalidé lors de la consolidation. | Blocage: date de publication exacte ou URL manquante; exclure des conclusions validées.","Historique importé (peut être dépassé ; état courant dans les colonnes et le rapport) : Decrit qualitativement le perimetre bioenergie (production a partir de dechets non recyclables, efficacite energetique, recuperation chaleur/froid, captage CO2). CA energie total = 24,6% du CA groupe en 2024 (perimetre large, pas bioenergie isolee). | Date partielle importée: 2025-04; précision conservée ici sans jour inventé. | Original absent du dépôt; référence conservée, contenu non revalidé lors de la consolidation. | Blocage: date de publication exacte ou URL manquante; exclure des conclusions validées. | Collecte intégrée le 2026-09-30. Archiver un original déjà référencé mais absent du dépôt.  Original PDF téléchargé le 2026-09-28 ; signature, ouverture, empreinte et pagination contrôlées. Repérage de pages automatique dans la fiche ; pas de validation exhaustive des chiffres."
SRC-bioenergy-20260927-airliquide-us-biomethane-2024,status,collected,blocked
SRC-bioenergy-20260927-airliquide-us-biomethane-2024,notes,"Historique importé (peut être dépassé ; état courant dans les colonnes et le rapport) : Deux nouvelles unites biomethane annoncees aux Etats-Unis, avril 2024. | Original absent du dépôt; référence conservée, contenu non revalidé lors de la consolidation.","Historique importé (peut être dépassé ; état courant dans les colonnes et le rapport) : Deux nouvelles unites biomethane annoncees aux Etats-Unis, avril 2024. | Original absent du dépôt; référence conservée, contenu non revalidé lors de la consolidation. | Collecte intégrée le 2026-09-30. Archiver un original déjà référencé mais absent du dépôt.  Téléchargement non abouti : curl: (22) The requested URL returned error: 403. Aucun faux PDF ajouté."
SRC-bioenergy-20260927-hyfuelup-state-of-play-2025,file_path,unknown,raw/SRC-bioenergy-20260927-hyfuelup-state-of-play-2025.pdf
SRC-bioenergy-20260927-hyfuelup-state-of-play-2025,sha256,unknown,d61c18a7e16431ac30c26d37ee74819308d610974cbe552be67ba9a2651a8c9b
SRC-bioenergy-20260927-hyfuelup-state-of-play-2025,page_count,unknown,64
SRC-bioenergy-20260927-hyfuelup-state-of-play-2025,notes,"Historique importé (peut être dépassé ; état courant dans les colonnes et le rapport) : Documente les ecarts de trajectoire vs objectif REPowerEU 35 bcm/2030. | Date partielle importée: 2025; précision conservée ici sans jour inventé. | Original absent du dépôt; référence conservée, contenu non revalidé lors de la consolidation. | Blocage: date de publication exacte ou URL manquante; exclure des conclusions validées.","Historique importé (peut être dépassé ; état courant dans les colonnes et le rapport) : Documente les ecarts de trajectoire vs objectif REPowerEU 35 bcm/2030. | Date partielle importée: 2025; précision conservée ici sans jour inventé. | Original absent du dépôt; référence conservée, contenu non revalidé lors de la consolidation. | Blocage: date de publication exacte ou URL manquante; exclure des conclusions validées. | Collecte intégrée le 2026-09-30. Archiver un original déjà référencé mais absent du dépôt.  Original PDF téléchargé le 2026-09-28 ; signature, ouverture, empreinte et pagination contrôlées. Repérage de pages automatique dans la fiche ; pas de validation exhaustive des chiffres."
SRC-bioenergy-20260927-cre-ao-biomethane-cdc-2023,file_path,unknown,raw/SRC-bioenergy-20260927-cre-ao-biomethane-cdc-2023.pdf
SRC-bioenergy-20260927-cre-ao-biomethane-cdc-2023,sha256,unknown,028526eb82967168b12c68aca1b60b5a36e5df87997844e4d5f2be48dc37d98c
SRC-bioenergy-20260927-cre-ao-biomethane-cdc-2023,page_count,unknown,49
SRC-bioenergy-20260927-cre-ao-biomethane-cdc-2023,notes,"Historique importé (peut être dépassé ; état courant dans les colonnes et le rapport) : Enveloppe 1,6 TWh PCS/an, 3 periodes de candidature en 2024. Page de suivi : https://www.cre.fr/gaz/soutien-a-la-production-de-biomethane.html | Original absent du dépôt; référence conservée, contenu non revalidé lors de la consolidation.","Historique importé (peut être dépassé ; état courant dans les colonnes et le rapport) : Enveloppe 1,6 TWh PCS/an, 3 periodes de candidature en 2024. Page de suivi : https://www.cre.fr/gaz/soutien-a-la-production-de-biomethane.html | Original absent du dépôt; référence conservée, contenu non revalidé lors de la consolidation. | Collecte intégrée le 2026-09-30. Archiver un original déjà référencé mais absent du dépôt.  Original PDF téléchargé le 2026-09-28 ; signature, ouverture, empreinte et pagination contrôlées. Repérage de pages automatique dans la fiche ; pas de validation exhaustive des chiffres."
SRC-bioenergy-20260927-grdf-registre-go-guide,file_path,unknown,raw/SRC-bioenergy-20260927-grdf-registre-go-guide.pdf
SRC-bioenergy-20260927-grdf-registre-go-guide,sha256,unknown,0aa92d38d170537995bfa10ae69b63992ff407f99612d741a43479679ee1e648
SRC-bioenergy-20260927-grdf-registre-go-guide,page_count,unknown,26
SRC-bioenergy-20260927-grdf-registre-go-guide,notes,"Historique importé (peut être dépassé ; état courant dans les colonnes et le rapport) : Page explicative complementaire : https://projet-methanisation.grdf.fr/la-methanisation/la-vente-du-biomethane/les-garanties-dorigine | Original absent du dépôt; référence conservée, contenu non revalidé lors de la consolidation. | Blocage: date de publication exacte ou URL manquante; exclure des conclusions validées.","Historique importé (peut être dépassé ; état courant dans les colonnes et le rapport) : Page explicative complementaire : https://projet-methanisation.grdf.fr/la-methanisation/la-vente-du-biomethane/les-garanties-dorigine | Original absent du dépôt; référence conservée, contenu non revalidé lors de la consolidation. | Blocage: date de publication exacte ou URL manquante; exclure des conclusions validées. | Collecte intégrée le 2026-09-30. Archiver un original déjà référencé mais absent du dépôt.  Original PDF téléchargé le 2026-09-28 ; signature, ouverture, empreinte et pagination contrôlées. Repérage de pages automatique dans la fiche ; pas de validation exhaustive des chiffres."
