source_id,url,result,file_path,error
SRC-veolia-20260928-amendement-urd-2025-rapport-semestriel-h1-2026,https://www.veolia.com/sites/g/files/dvc4206/files/document/2026/07/Veolia_Finance_Amendment_URD_2025.pdf,downloaded,raw/SRC-veolia-20260928-amendement-urd-2025-rapport-semestriel-h1-2026.pdf,
SRC-veolia-20260928-revue-financiere-q1-2026,https://www.veolia.com/sites/g/files/dvc4206/files/document/2026/05/Operating_and_financial_review_consolidated_financial_statements_Q1_2026.pdf,downloaded,raw/SRC-veolia-20260928-revue-financiere-q1-2026.pdf,
SRC-veolia-20260928-presentation-q1-2026,https://www.veolia.com/sites/g/files/dvc4206/files/document/2026/05/Finance_Veolia_Q1_2026_results_presentation.pdf,downloaded,raw/SRC-veolia-20260928-presentation-q1-2026.pdf,
SRC-veolia-20260928-document-denregistrement-universel-2025,https://www.veolia.com/sites/g/files/dvc4206/files/document/2026/03/Finance_Veolia_URD_2025_en.pdf,downloaded,raw/SRC-veolia-20260928-document-denregistrement-universel-2025.pdf,
SRC-veolia-20260928-presentation-resultats-fy2025,https://www.veolia.com/sites/g/files/dvc4206/files/document/2026/02/Finance_presentation_Veolia_2025_results.pdf,downloaded,raw/SRC-veolia-20260928-presentation-resultats-fy2025.pdf,"Internal Error ()
citeturn58view0 [wordlim: 200] Source: click({""ref_id"":""turn25view0"",""id"":127}); Total lines: 1
L0: Failed to fetch https://www.veolia.com/sites/g/files/dvc4206/files/document/2026/03/Finance_Veolia_2025_full_year_results_present"
SRC-veolia-20260928-revue-financiere-fy2025,https://www.veolia.com/sites/g/files/dvc4206/files/document/2026/02/Finance_Veolia_Operating_and_financial_review_2025.pdf,downloaded,raw/SRC-veolia-20260928-revue-financiere-fy2025.pdf,
SRC-veolia-20260928-comptes-consolides-fy2025,https://www.veolia.com/sites/g/files/dvc4206/files/document/2026/02/Finance_Veolia_Consolidated_financial_statements_31-12-25.pdf,downloaded,raw/SRC-veolia-20260928-comptes-consolides-fy2025.pdf,
SRC-veolia-20260928-revue-financiere-9m-2025,https://www.veolia.com/sites/g/files/dvc4206/files/document/2025/11/Rapport%20de%20gestion%20VA-T3_2025_0.pdf,downloaded,raw/SRC-veolia-20260928-revue-financiere-9m-2025.pdf,
SRC-veolia-20260928-presentation-9m-2025,https://www.veolia.com/sites/g/files/dvc4206/files/document/2025/11/VeoliaSlides_9M_2025_0.pdf,downloaded,raw/SRC-veolia-20260928-presentation-9m-2025.pdf,
SRC-veolia-20260928-amendement-urd-2024-rapport-semestriel-h1-2025,https://www.veolia.com/sites/g/files/dvc4206/files/document/2025/07/Finance_Veolia_URD_amendment_07-31-2025.pdf,downloaded,raw/SRC-veolia-20260928-amendement-urd-2024-rapport-semestriel-h1-2025.pdf,
SRC-veolia-20260928-presentation-h1-2025,https://www.veolia.com/sites/g/files/dvc4206/files/document/2025/07/Finance_Veolia_Presentation_hf_results_2025.pdf,downloaded,raw/SRC-veolia-20260928-presentation-h1-2025.pdf,
SRC-veolia-20260928-document-denregistrement-universel-2024,https://www.veolia.com/sites/g/files/dvc4206/files/document/2025/03/Veolia_2024_URD.pdf,downloaded,raw/SRC-veolia-20260928-document-denregistrement-universel-2024.pdf,
SRC-veolia-20260928-presentation-resultats-fy2024,https://www.veolia.com/sites/g/files/dvc4206/files/document/2025/02/Finance_2024_full_year_results_presentation.pdf,downloaded,raw/SRC-veolia-20260928-presentation-resultats-fy2024.pdf,
SRC-debt_rating-20260928-s-p-ratingsdirect-novembre-2025,https://www.veolia.com/sites/g/files/dvc4206/files/document/2025/12/RatingsDirect_Update_VeoliaEnvironnementS.A._3485780_Nov-25-2025.pdf,downloaded,raw/SRC-debt_rating-20260928-s-p-ratingsdirect-novembre-2025.pdf,
SRC-debt_rating-20260928-moodys-credit-opinion-avril-2025,https://www.veolia.com/sites/g/files/dvc4206/files/document/2025/04/Credit_Opinion_moodys_Veolia-Environnement-SA_22Apr2025.pdf,downloaded,raw/SRC-debt_rating-20260928-moodys-credit-opinion-avril-2025.pdf,
SRC-debt_rating-20260928-s-p-ratingsdirect-mars-2025,https://www.veolia.com/sites/g/files/dvc4206/files/document/2025/04/Finance_Standard_%26_Poors_Ratings_Direct_Veolia_Environnement_SA_Mars_2025_03-04-25.pdf,downloaded,raw/SRC-debt_rating-20260928-s-p-ratingsdirect-mars-2025.pdf,
SRC-debt_rating-20260928-s-p-ratingsdirect-avril-2024,https://www.veolia.com/sites/g/files/dvc4206/files/document/2024/04/S%26P_Apr-04-2024_0.PDF,downloaded,raw/SRC-debt_rating-20260928-s-p-ratingsdirect-avril-2024.pdf," (https://www.veolia.com/sites/g/files/dvc4206/files/document/2024/04/S%26P_Apr-04-2024_0.PDF)
citeturn68view0 [wordlim: 200] Crawled: 4 days ago; Content type: application/pdf; Number of pages: 10; Source: click({""ref_id"":""turn25view1"",""id"":123})"
SRC-debt_rating-20260928-moodys-credit-opinion-avril-2024,https://www.veolia.com/sites/g/files/dvc4206/files/document/2024/04/Moodys-Ratings-affirms-Veolias-10Apr2024_0.pdf,downloaded,raw/SRC-debt_rating-20260928-moodys-credit-opinion-avril-2024.pdf,
SRC-debt_rating-20260928-emtn-2026-supplement-2,https://www.veolia.com/sites/g/files/dvc4206/files/document/2026/08/Veolia_2nd_supplement_to_2026_base_prospectus_2026-08-25.pdf,downloaded,raw/SRC-debt_rating-20260928-emtn-2026-supplement-2.pdf,
SRC-debt_rating-20260928-emtn-2026-supplement-1,https://www.veolia.com/sites/g/files/dvc4206/files/document/2026/06/Finance_Veolia_1st_supplement_base_prospectus_06-2026.pdf,downloaded,raw/SRC-debt_rating-20260928-emtn-2026-supplement-1.pdf,
SRC-debt_rating-20260928-emtn-prospectus-de-base-2026,https://www.veolia.com/sites/g/files/dvc4206/files/document/2026/03/Finance_Veolia_Environnement_base_prospectus_EMTN_update_03-30-2026.pdf,downloaded,raw/SRC-debt_rating-20260928-emtn-prospectus-de-base-2026.pdf,
SRC-debt_rating-20260928-emtn-prospectus-de-base-2025,https://www.veolia.com/sites/g/files/dvc4206/files/document/2025/03/Veolia_Environnement_2025_Base%20Prospectus.pdf,downloaded,raw/SRC-debt_rating-20260928-emtn-prospectus-de-base-2025.pdf,
SRC-debt_rating-20260928-emtn-prospectus-de-base-2024,https://www.veolia.com/sites/g/files/dvc4206/files/document/2024/08/Finance_Veolia_base_prospectus_2024_update.pdf,downloaded,raw/SRC-debt_rating-20260928-emtn-prospectus-de-base-2024.pdf,
SRC-comparables-20260928-engie-acquiert-deux-unites-de-biomethane-aux-pays-bas,https://www.engie.com/app/uploads/2024/04/CP_acquisitionNL_VDEF.pdf,downloaded,raw/SRC-comparables-20260928-engie-acquiert-deux-unites-de-biomethane-aux-pays-bas.pdf,
SRC-comparables-20260928-engie-acquires-its-first-biomethane-production-unit-in-belgium,https://en.newsroom.engie.com/assets/pr-acquisition-biomethane-belgium-vdef-pdf-97b33-314df.html?dl=1,downloaded,raw/SRC-comparables-20260928-engie-acquires-its-first-biomethane-production-unit-in-belgium.pdf,
SRC-comparables-20260928-engie-signs-a-10-year-biomethane-purchase-agreement-with-pepsico-uk,https://en.newsroom.engie.com/download-pdf/696fdb9d652e48ec7705eb53,downloaded,raw/SRC-comparables-20260928-engie-signs-a-10-year-biomethane-purchase-agreement-with-pepsico-uk.pdf,
SRC-comparables-20260928-basf-and-engie-signed-a-long-term-biomethane-purchase-agreement-in-eur,https://en.newsroom.engie.com/download-pdf/6686acbf41abcb6d290730b8,downloaded,raw/SRC-comparables-20260928-basf-and-engie-signed-a-long-term-biomethane-purchase-agreement-in-eur.pdf,
SRC-comparables-20260928-totalenergies-starts-bionorrois-in-normandy,https://totalenergies.com/system/files/documents/totalenergies_PR_biogas-in-france-totalenergies-starts-Its-2nd-largest-Unit-in-normandy.pdf,downloaded,raw/SRC-comparables-20260928-totalenergies-starts-bionorrois-in-normandy.pdf,
SRC-transactions-20260928-totalenergies-et-vanguard-renewables-s-associent-pour-developper-le-bi,https://totalenergies.com/newsroom/download/?n=2aa93781dacfae5db2e570b3bfd42809.pdf&picid=58454,downloaded,raw/SRC-transactions-20260928-totalenergies-et-vanguard-renewables-s-associent-pour-developper-le-bi.pdf,
SRC-bioenergy-20260928-veolia-lance-ecothermal-grid-au-royaume-uni,https://www.veolia.com/sites/g/files/dvc4206/files/document/2025/11/CP%20-%20Veolia%20lance%20%E2%80%9CEcothermal%20Grid%E2%80%9D%20au%20Royaume-Uni%20avec%20un%20portefeuille%20de%20projets%20%20de%201%20milliard%20%C2%A3.pdf,downloaded,raw/SRC-bioenergy-20260928-veolia-lance-ecothermal-grid-au-royaume-uni.pdf,
SRC-bioenergy-20260928-veolia-ambitionne-de-devenir-le-leader-europeen-du-chauffage-urbain-et,https://www.veolia.com/sites/g/files/dvc4206/files/document/2025/11/cp-veolia-offre-ecothermal-grid-25112025.pdf,downloaded,raw/SRC-bioenergy-20260928-veolia-ambitionne-de-devenir-le-leader-europeen-du-chauffage-urbain-et.pdf,
SRC-bioenergy-20260928-totalenergies-et-veolia-s-allient-pour-la-transition-energetique-et-l-,https://www.veolia.com/sites/g/files/dvc4206/files/document/2025/10/cp-totalenergies-veolia-06102025.pdf,downloaded,raw/SRC-bioenergy-20260928-totalenergies-et-veolia-s-allient-pour-la-transition-energetique-et-l-.pdf,
SRC-bioenergy-20260928-outlook-for-biogas-and-biomethane-a-global-geospatial-assessment,https://iea.blob.core.windows.net/assets/5b757571-c8d0-464f-baad-bc30ec5ff46e/OutlookforBiogasandBiomethane.pdf,downloaded,raw/SRC-bioenergy-20260928-outlook-for-biogas-and-biomethane-a-global-geospatial-assessment.pdf,
SRC-transactions-20260928-engie-acquires-ixora-energy-ltd-in-the-united-kingdom,https://en.newsroom.engie.com/download-pdf/650bd95e269ae1407c0aaa5e,downloaded,raw/SRC-transactions-20260928-engie-acquires-ixora-energy-ltd-in-the-united-kingdom.pdf,
SRC-bioenergy-20260928-veolia-drives-the-czech-coal-exit-with-a-multi-energy-transformation-i,https://www.veolia.com/sites/g/files/dvc4206/files/document/2026/03/Finance_PR_Veolia_coal_exit_Karvina_03-23-2026.pdf,downloaded,raw/SRC-bioenergy-20260928-veolia-drives-the-czech-coal-exit-with-a-multi-energy-transformation-i.pdf,
SRC-bioenergy-20260928-bilan-technique-et-economique-des-installations-de-production-de-biome,https://www.cre.fr/fileadmin/Documents/Rapports_et_etudes/2024/Rapport_Bilan_technique_economique_biomethane_injecte.pdf,downloaded,raw/SRC-bioenergy-20260928-bilan-technique-et-economique-des-installations-de-production-de-biome.pdf,
SRC-bioenergy-20260928-chiffres-cles-des-energies-renouvelables-edition-2025,https://www.statistiques.developpement-durable.gouv.fr/edition-numerique/chiffres-cles-energies-renouvelables/fr/pdf/chiffres-cles-energies-renouvelable-2025.pdf,downloaded,raw/SRC-bioenergy-20260928-chiffres-cles-des-energies-renouvelables-edition-2025.pdf,
SRC-bioenergy-20260928-panorama-des-gaz-renouvelables-en-2024,https://www.regaz.fr/wp-content/uploads/PANORAMAGAZRENOUVELABLES2024.pdf,downloaded,raw/SRC-bioenergy-20260928-panorama-des-gaz-renouvelables-en-2024.pdf,
SRC-bioenergy-20260928-panorama-des-gaz-renouvelables-et-bas-carbone-en-france-au-31-decembre,https://www.natrangroupe.com/sites/default/files/pa/panorama-gaz-renouvelables-2025.pdf,downloaded,raw/SRC-bioenergy-20260928-panorama-des-gaz-renouvelables-et-bas-carbone-en-france-au-31-decembre.pdf,
SRC-bioenergy-20260928-eba-statistical-report-2024-public-preview,https://www.europeanbiogas.eu/wp-content/uploads/2024/12/EBA_stats_report_complete_241204_preview.pdf,downloaded,raw/SRC-bioenergy-20260928-eba-statistical-report-2024-public-preview.pdf,
SRC-bioenergy-20260928-eba-statistical-report-2025-public-launch-presentation,https://www.europeanbiogas.eu/wp-content/uploads/2025/12/EBA-Statistical-Report-2025-Final.pdf,downloaded,raw/SRC-bioenergy-20260928-eba-statistical-report-2025-public-launch-presentation.pdf,
SRC-bioenergy-20260928-european-biomethane-map-2025,https://www.europeanbiogas.eu/wp-content/uploads/2025/10/GIE_EBA_BIO_2025_A0_FULL_252.pdf,downloaded,raw/SRC-bioenergy-20260928-european-biomethane-map-2025.pdf,
SRC-esg-20260928-directive-ue-2023-2413-red-iii,https://eur-lex.europa.eu/legal-content/FR/TXT/PDF/?uri=OJ%3AL_202302413,failed,unknown,Réponse non PDF ; conservée uniquement en zone de travail.
SRC-esg-20260928-directive-ue-2025-794-omnibus-stop-the-clock,https://eur-lex.europa.eu/eli/dir/2025/794/oj/eng/pdf,failed,unknown,Réponse non PDF ; conservée uniquement en zone de travail.
SRC-esg-20260928-directive-ue-2026-470-omnibus-sustainability-reporting-and-due-diligen,https://eur-lex.europa.eu/legal-content/EN/TXT/PDF/?uri=OJ%3AL_202600470,failed,unknown,Réponse non PDF ; conservée uniquement en zone de travail.
SRC-bioenergy-20260928-le-soutien-au-developpement-du-biogaz,https://www.ccomptes.fr/sites/default/files/2025-03/20250306-Soutien-au-developpement-du-biogaz.pdf,downloaded,raw/SRC-bioenergy-20260928-le-soutien-au-developpement-du-biogaz.pdf,
SRC-comparables-20260928-annual-report-2025,https://www.envitec-biogas.com/fileadmin/JavaScript/PDF/GB/GB_EN/2025_Annual_Report_EN.pdf,downloaded,raw/SRC-comparables-20260928-annual-report-2025.pdf,
SRC-comparables-20260928-annual-report-2024,https://www.envitec-biogas.com/fileadmin/ns_theme_envitec/PDFs/IR/Hauptversammlung/2025/EnviTec_Biogas_AnnualReport24_EN.pdf,downloaded,raw/SRC-comparables-20260928-annual-report-2024.pdf,
SRC-comparables-20260928-annual-report-2024-2025,https://www.verbio.de/fileadmin/user_upload/Verbio/Investor-Relations/finanzberichte/FY_2025/Verbio_Group_Annual_Report_2024_2025.pdf,downloaded,raw/SRC-comparables-20260928-annual-report-2024-2025.pdf,
SRC-comparables-20260928-annual-report-2023-2024,https://www.verbio.de/fileadmin/user_upload/Verbio/Investor-Relations/finanzberichte/en/20240926_Verbio_Annual_Report_FY_2023_2024.pdf,downloaded,raw/SRC-comparables-20260928-annual-report-2023-2024.pdf,
SRC-comparables-20260928-annual-report-2025-2026,https://www.verbio.de/fileadmin/user_upload/Verbio/Investor-Relations/finanzberichte/FY_2026/Geschaeftsbericht_2026_EN_PW.pdf,downloaded,raw/SRC-comparables-20260928-annual-report-2025-2026.pdf,
SRC-comparables-20260928-2025-annual-report-form-10-k,https://ir.montaukrenewables.com/static-files/43baba67-8adc-4185-9fa0-c62195d2c49f,downloaded,raw/SRC-comparables-20260928-2025-annual-report-form-10-k.pdf,
SRC-comparables-20260928-2024-annual-report-form-10-k,https://ir.montaukrenewables.com/static-files/761a3508-a8ba-4691-becb-68d36d1f9c27,downloaded,raw/SRC-comparables-20260928-2024-annual-report-form-10-k.pdf,
SRC-comparables-20260928-form-10-q-for-quarter-ended-june-30-2026,https://ir.montaukrenewables.com/static-files/25c23465-e1de-4c49-a4ec-17702939c3a1,downloaded,raw/SRC-comparables-20260928-form-10-q-for-quarter-ended-june-30-2026.pdf,
SRC-comparables-20260928-2025-summary-annual-report-and-form-10-k,https://investors.cleanenergyfuels.com/_assets/_455fc2d3edb8fe21cbf4dd81dc4451ef/cleanenergyfuels/db/959/9579/annual_report/CLNE+2025+Annual+Report.pdf,downloaded,raw/SRC-comparables-20260928-2025-summary-annual-report-and-form-10-k.pdf,
SRC-comparables-20260928-2024-annual-report,https://investors.cleanenergyfuels.com/_assets/_455fc2d3edb8fe21cbf4dd81dc4451ef/cleanenergyfuels/db/959/9542/annual_report/Clean+Energy+2024+Annual+Report.pdf,downloaded,raw/SRC-comparables-20260928-2024-annual-report.pdf,
SRC-comparables-20260928-form-10-q-for-quarter-ended-june-30-2026-955ee2,https://investors.cleanenergyfuels.com/sec-filings/all-sec-filings/content/0001104659-26-092061/0001104659-26-092061.pdf,downloaded,raw/SRC-comparables-20260928-form-10-q-for-quarter-ended-june-30-2026-955ee2.pdf,
SRC-transactions-20260928-envitec-biogas-acquires-uniper-subsidiary-liqvis,https://www.envitec-biogas.com/fileadmin/ns_theme_envitec/downloads/ir_releases/2025/EnviTec_Biogas_acquires_Uniper_subsidiary_LIQVIS.pdf,downloaded,raw/SRC-transactions-20260928-envitec-biogas-acquires-uniper-subsidiary-liqvis.pdf,
SRC-transactions-20260928-engie-strengthens-its-presence-in-biomethane-in-europe-with-acquisitio,https://en.newsroom.engie.com/download-pdf/670e88f16c5ce994f3010181,downloaded,raw/SRC-transactions-20260928-engie-strengthens-its-presence-in-biomethane-in-europe-with-acquisitio.pdf,
SRC-transactions-20260928-engie-passes-1twh-milestone-with-acquisition-of-two-units-in-the-nethe,https://en.newsroom.engie.com/download-pdf/661e0a9082b904236405ff4a,downloaded,raw/SRC-transactions-20260928-engie-passes-1twh-milestone-with-acquisition-of-two-units-in-the-nethe.pdf,
SRC-transactions-20260928-basf-and-engie-signed-a-long-term-biomethane-purchase-agreement-in-eur,https://gems.engie.com/wp-content/uploads/2024/07/47fd2a645cbb445a2b2fedd67e37fd90_ENGIE-x-BASF-BASF-and-ENGIE-signed-a-long-term-Biomethane-Purchase-Agreement-in-Europe.pdf,failed,unknown,curl: (22) The requested URL returned error: 403
SRC-veolia-20260927-h1-2026-results,https://www.veolia.com/sites/g/files/dvc4206/files/document/2026/07/Veolia_Finance_PR_H1_2026_results.pdf,downloaded,raw/SRC-veolia-20260927-h1-2026-results.pdf,
SRC-comparables-20260927-renewi-fy2025,https://www.renewi.com/-/media/renewi/investors/results-and-reports/2025/renewi-annual-report-and-accounts-2025.pdf,downloaded,raw/SRC-comparables-20260927-renewi-fy2025.pdf,
SRC-bioenergy-20260927-greenup-cmd-feb2024,https://www.veolia.com/sites/g/files/dvc4206/files/document/2024/03/EN_Master_GreenUp_Strategy%20day.pdf,failed,unknown,curl: (22) The requested URL returned error: 404
SRC-bioenergy-20260927-green-financing-framework-2025,https://www.veolia.com/sites/g/files/dvc4206/files/document/2025/03/Veolia_Green_Financing_framework_march_2025.pdf,downloaded,raw/SRC-bioenergy-20260927-green-financing-framework-2025.pdf,
SRC-bioenergy-20260927-esg-report-2024,https://www.veolia.com/sites/g/files/dvc4206/files/document/2025/04/veolia-2024-esg-report.pdf,downloaded,raw/SRC-bioenergy-20260927-esg-report-2024.pdf,
SRC-bioenergy-20260927-airliquide-us-biomethane-2024,https://www.airliquide.com/sites/airliquide.com/files/2024-04/air-liquide-further-develops-its-biomethane-capacities-us-two-new-production-units_66179120c3746.pdf,failed,unknown,curl: (22) The requested URL returned error: 403
SRC-bioenergy-20260927-hyfuelup-state-of-play-2025,https://hyfuelup.eu/wp-content/uploads/2025/02/State_of_play_of_Biogas_and_Biomethane_in_Europe.pdf,downloaded,raw/SRC-bioenergy-20260927-hyfuelup-state-of-play-2025.pdf,
SRC-bioenergy-20260927-cre-ao-biomethane-cdc-2023,https://www.cre.fr/fileadmin/Documents/Appels_d_offres/20231227-CDC_AO_biomethane.pdf,downloaded,raw/SRC-bioenergy-20260927-cre-ao-biomethane-cdc-2023.pdf,
SRC-bioenergy-20260927-grdf-registre-go-guide,https://sites.grdf.fr/documents/2167950/2170496/DSP1823+Guide+Utilisateur++00_R%C3%A9glementation.pdf,downloaded,raw/SRC-bioenergy-20260927-grdf-registre-go-guide.pdf,
SRC-veolia-20260928-long-term-financial-guidances-2024-2027,https://www.veolia.com/sites/g/files/dvc4206/files/document/2024/02/pr-2023-finance-guidance.pdf,downloaded,raw/SRC-veolia-20260928-long-term-financial-guidances-2024-2027.pdf,
SRC-veolia-20260928-fy-2024-results,https://www.veolia.com/sites/g/files/dvc4206/files/document/2025/02/pr-2024-annual-results-veolia.pdf,downloaded,raw/SRC-veolia-20260928-fy-2024-results.pdf,
SRC-veolia-20260928-fy-2025-results,https://www.veolia.com/sites/g/files/dvc4206/files/document/2026/02/annual-resultats-2025.pdf,downloaded,raw/SRC-veolia-20260928-fy-2025-results.pdf,
SRC-veolia-20260928-h1-2025-results,https://www.veolia.com/sites/g/files/dvc4206/files/document/2025/07/pr-veolia-h1-results-073125.pdf,downloaded,raw/SRC-veolia-20260928-h1-2025-results.pdf,
SRC-veolia-20260928-q1-2026-key-figures,https://www.veolia.com/sites/g/files/dvc4206/files/document/2026/05/veolia-q1-key-figures-05062026.pdf,downloaded,raw/SRC-veolia-20260928-q1-2026-key-figures.pdf,
SRC-veolia-20260928-h1-2026-results,https://www.veolia.com/sites/g/files/dvc4206/files/document/2026/07/veolia-2026-first-half-results.pdf,downloaded,raw/SRC-veolia-20260928-h1-2026-results.pdf,
SRC-bioenergy-20260928-veolia-accelerates-local-decarbonizing-energy-development-with-eur4-bi,https://www.veolia.com/sites/g/files/dvc4206/files/document/2024/01/veolia-accelerates-local-decarbonizing-energy-development-with-%E2%82%AC4-billion-investment-by-2030.pdf,downloaded,raw/SRC-bioenergy-20260928-veolia-accelerates-local-decarbonizing-energy-development-with-eur4-bi.pdf,
SRC-bioenergy-20260928-veolia-inaugure-a-lapouyade-une-unite-de-production-de-biomethane,https://www.veolia.com/sites/g/files/dvc4206/files/document/2025/11/cp-lapouyade-181125.pdf,downloaded,raw/SRC-bioenergy-20260928-veolia-inaugure-a-lapouyade-une-unite-de-production-de-biomethane.pdf,
